{"train/loss": 0.10185742378234863, "_timestamp": 1692530206.5560184, "_runtime": 4968.999339342117, "_step": 6237, "eval/roc_auc": 0.950431112458006, "train/epoch_loss": 0.10170132635647772, "_wandb": {"runtime": 4968}}